,Overall Rank,School,State,Undergrad. Enrollment,Admission Rate,*SAT or ACT,Student/faculty Ratio,4-year Grad. Rate,6-year Grad. Rate,Quality Rank,Total Costs,Cost After Need-based Aid,Need Met,Aid From Grants,Cost After Non-Need-Based Aid,Average Debt,Cost Rank
0,1,California Institute of Technology,CA,939,21,100,3,71,85,10,32682,10981,100,93,18553,10244,4
1,2,Rice University,TX,2787,24,92,5,68,89,19,28350,14779,100,88,22418,12705,5
2,3,Williams College,MA,1985,23,93,8,89,94,1,36550,14737,100,89,33251,12316,26
3,4,Swarthmore College,PA,1479,24,98,8,86,92,4,38676,17386,100,85,11404,12759,21
4,5,Amherst College,MA,1618,18,94,9,84,94,5,38492,14453,100,92,33411,11544,38
5,6,Webb Institute,NY,67,42,100,7,79,83,39,8079,5579,20,100,8079,5700,1
6,7,Yale University,CT,5339,8,97,7,88,95,3,38432,15729,100,89,38432,19228,53
7,8,Washington and Lee University,VA,1750,31,89,11,86,89,30,30225,15452,99,87,22063,15634,9
8,9,Harvard University,MA,6637,11,90,8,86,97,8,38831,17456,100,90,33201,10465,46
9,10,Stanford University,CA,7360,13,95,7,77,93,6,38875,17746,100,86,33709,15782,62
10,11,Princeton University,NJ,4779,11,97,5,91,97,7,40169,18325,100,94,40169,12000,59
11,12,Massachusetts Institute of Technology,MA,4178,16,100,6,82,91,2,39213,19609,100,85,30337,22855,82
12,13,Pomona College,CA,1551,23,98,9,83,88,21,38130,17411,100,80,35702,15600,43
13,14,Emory University,GA,6302,42,94,7,82,87,15,37272,19657,100,73,23615,17675,54
14,15,Columbia University,NY,4109,12,93,7,83,93,13,39493,17778,100,86,39493,15331,65
15,16,Duke University,NC,6206,25,94,11,88,93,11,40080,19996,100,80,26599,20025,68
16,17,Davidson College,NC,1645,34,89,10,89,91,27,34706,21455,100,82,28630,13697,37
17,18,Wellesley College,MA,2300,47,89,9,84,88,32,37419,17526,100,88,32919,15697,35
18,19,Vassar College,NY,2472,31,93,9,81,87,22,37870,19404,100,78,34669,17170,64
19,20,Haverford College,PA,1105,32,90,8,89,92,20,38928,17826,100,90,38928,15253,66
20,21,Northwestern University,IL,7946,33,92,7,83,92,17,38817,20376,100,79,36538,14551,74
21,22,Bowdoin College,ME,1657,25,92,10,83,90,25,38663,17773,100,85,37663,15307,58
22,23,University of Pennsylvania,PA,9742,21,96,6,83,91,9,39040,20596,100,77,39040,20247,93
23,24,Johns Hopkins University,MD,4112,35,93,8,81,88,29,39188,19142,95,80,24206,13600,48
24,25,Cooper Union,NY,917,14,83,7,57,78,61,14652,11167,92,62,14653,9250,3
25,26,Washington University,MO,7219,24,98,7,75,86,16,39253,20700,100,81,30581,0,87
26,27,Dartmouth College,NH,4118,23,96,9,87,95,12,38898,19546,100,76,36482,0,92
27,28,Claremont McKenna College,CA,1024,28,95,7,82,86,37,37730,17988,100,86,31570,16914,41
28,29,University of Notre Dame,IN,8261,34,91,12,88,95,36,35392,18011,100,74,26304,25595,45
29,30,Colgate University,NY,2827,34,86,10,85,89,31,38820,18856,100,85,38820,12984,67
30,31,The Colorado College,CO,1902,53,70,9,72,79,57,35275,16516,95,88,19645,13500,10
31,32,University of Richmond,VA,2998,41,83,10,79,84,48,31679,17588,96,80,21227,16115,12
32,33,Georgetown University,DC,6332,21,89,11,86,91,14,39182,24382,100,68,32832,20000,97
33,34,Brown University,RI,6030,17,90,8,79,94,23,40248,20838,100,83,37243,21700,91
34,35,Carleton College,MN,1932,35,89,9,82,86,34,35288,21677,100,72,32968,14543,56
35,36,Lafayette College,PA,2300,36,78,11,79,84,47,35713,15147,94,100,25050,17380,19
36,37,Middlebury College,VT,2297,27,96,11,81,87,18,39532,18288,100,79,39532,21751,98
37,38,Grinnell College,IA,1485,65,87,10,78,84,55,31460,16585,100,76,23312,13854,17
38,39,Illinois Wesleyan University,IL,2107,48,96,12,76,81,44,30780,18858,95,72,23095,17722,27
39,40,Bates College,ME,1738,28,91,10,82,87,28,38932,18258,100,85,38932,17045,88
40,41,Cornell University,NY,13725,29,92,9,82,90,26,38974,23122,100,69,38974,15587,95
41,42,Wesleyan University,CT,2733,28,92,9,76,81,24,39127,21401,100,72,39127,23753,99
42,43,Colby College,ME,1830,33,89,11,85,88,33,38699,18168,100,93,38699,17270,84
43,44,Bucknell University,PA,3440,39,84,12,83,87,43,36165,19165,100,94,36165,16000,44
44,45,Kenyon College,OH,1576,52,87,9,80,84,51,36273,17905,98,85,25183,20850,32
45,46,Centre College,KY,1055,78,89,11,71,73,68,28529,15842,100,65,19002,14300,11
46,47,Rhodes College,TN,1541,70,95,11,71,73,64,30080,18899,84,70,21296,15100,15
47,48,Macalester College,MN,1840,44,88,10,71,77,58,32847,16394,100,80,27419,0,29
48,49,Barnard College,NY,2297,34,88,10,72,84,46,37940,17826,100,82,33701,14030,42
49,50,Brandeis University,MA,3057,42,88,8,79,85,38,39101,22257,84,80,24255,0,81
50,51,College of the Holy Cross,MA,2801,43,76,11,88,90,41,36851,23846,100,71,28381,16063,69
51,52,Harvey Mudd College,CA,699,37,100,9,75,83,35,38880,22041,100,79,32890,20219,90
52,53,Wake Forest University,NC,4045,41,86,10,77,87,42,36079,21196,90,77,27438,24769,61
53,54,Bryn Mawr College,PA,1321,50,86,9,76,80,45,37890,18609,96,86,36160,0,57
54,54,Wheaton College,IL,2395,54,84,11,70,84,66,27076,17341,97,74,22678,15864,24
55,55,Tufts University,MA,4910,27,90,9,81,88,40,39173,20115,100,85,37477,15499,79
56,56,Oberlin College,OH,2848,33,87,10,63,76,50,37688,21081,100,72,26683,13926,50
57,57,Mount Holyoke College,MA,2191,52,80,10,75,79,49,38668,19268,100,76,28368,14200,51
58,58,Furman University,SC,2772,58,70,11,74,81,69,29430,16296,90,72,20230,17741,14
59,59,St. Olaf College,MN,3041,73,84,13,71,75,67,29879,17458,100,74,25254,18806,25
60,60,Brigham Young University,UT,29379,73,86,18,31,73,95,9663,7621,40,53,6523,11000,2
61,61,Lehigh University,PA,4706,44,85,11,70,84,65,35670,19123,99,75,23231,16972,30
62,62,Smith College,MA,2647,53,72,9,76,80,56,37937,18466,100,76,28306,19911,52
63,63,Beloit College,WI,1281,70,82,11,60,72,70,30264,17452,100,72,23690,14942,24
64,64,Taylor University,IN,1869,78,74,15,71,75,90,24723,15678,81,73,20538,15117,7
65,65,Union College,NY,2147,45,71,11,75,80,72,36455,18431,97,79,16455,15725,22
66,66,Hamilton College,NY,1851,35,82,10,79,84,54,38463,19474,99,85,29638,16856,55
67,67,DePauw University,IN,2338,61,60,11,75,79,88,32150,15531,99,82,21813,14481,8
68,68,Hillsdale College,MI,1220,82,74,11,53,71,99,23353,13853,77,68,16853,14500,6
69,69,Knox College,IL,1121,72,72,12,67,74,80,30894,15494,99,76,21205,16920,13
70,70,University of Southern California,CA,16145,30,91,10,51,73,59,37968,21606,99,68,25660,20619,70
71,71,Trinity College,CT,2098,36,79,9,77,83,53,38890,19667,100,85,33390,17000,78
72,72,Trinity University,TX,2406,69,80,11,65,75,86,27086,16706,86,71,21193,0,20
73,73,Gustavus Adolphus College,MN,2536,77,70,13,72,75,89,27820,17609,92,70,21977,17400,18
74,74,Vanderbilt University,TN,6146,46,90,9,78,84,52,38847,20971,99,64,23049,24023,86
75,75,Whitman College,WA,1454,50,81,10,60,71,74,33776,21176,94,70,25776,15000,36
76,76,Scripps College,CA,798,58,85,12,63,68,91,36500,17984,100,78,21355,12941,23
77,77,Franklin and Marshall College,PA,1926,62,71,11,78,83,73,36580,20925,98,80,24751,19656,40
78,78,Saint Louis University,MO,7178,72,72,12,52,67,100,29983,16902,71,63,21714,14989,16
79,79,Carnegie Mellon University,PA,5475,38,95,11,61,77,63,38460,24689,83,70,25952,19195,76
80,80,Lawrence University,WI,1389,68,83,11,58,68,83,32875,17882,100,74,25093,18311,34
81,81,Connecticut College,CT,1890,35,84,11,75,81,62,37057,16930,100,86,37057,17250,85
82,82,Case Western Reserve University,OH,3457,78,85,8,49,75,87,32802,18323,96,66,20907,21830,31
83,84,Dickinson College,PA,2261,51,65,13,74,78,79,36600,19753,98,76,24515,17586,39
84,85,Kalamazoo College,MI,1265,73,91,12,60,69,92,30917,17947,NA,68,21467,20000,33
85,86,Saint John's University,MN,1897,87,66,13,67,74,97,27272,19544,88,46,21687,20680,28
86,87,Boston College,MA,9000,34,85,13,0,86,71,37745,24470,100,70,32160,16732,73
87,88,Reed College,OR,1363,55,95,10,45,67,85,37900,18804,100,90,37900,16758,47
88,89,Bard College,NY,1454,36,85,9,59,71,82,38282,20558,87,83,23338,15400,49
89,90,University of Rochester,NY,4695,50,87,12,65,76,76,37246,20297,100,78,27245,0,60
90,91,New York University,NY,19490,28,87,11,65,74,60,40105,28282,70,67,33355,21495,100
91,92,Villanova University,PA,7375,47,74,13,79,84,75,36560,26463,76,57,29161,28217,72
92,93,Skidmore College,NY,2506,46,70,11,71,75,78,38838,21023,98,77,29438,15560,71
93,94,Rose-Hulman Institute of Technology,IN,1642,65,91,13,58,71,93,32625,28677,60,27,28720,27000,63
94,95,St. John's College,MD,465,71,95,8,63,71,81,36635,21940,91,72,34477,20753,75
95,96,Babson College,MA,1735,48,77,13,77,81,77,38443,21316,98,78,30308,0,83
96,97,Rhode Island School of Design,RI,1882,32,55,11,0,87,96,34472,26447,69,53,33222,21125,80
97,98,Rensselaer Polytechnic Institute,NY,5139,70,92,17,48,75,84,39200,22360,90,74,28411,24590,94
98,99,Sarah Lawrence College,NY,1226,40,79,6,51,66,94,42121,22847,94,73,33610,14864,89
99,100,The George Washington University,DC,10328,40,72,14,62,73,98,40240,25866,94,56,29916,0,96
